gender,type,offensive,mid,vertjaune
F,neutral,NA,NA,NA
F,neutral,NA,NA,NA
F,neutral,NA,NA,NA
F,neutral,NA,NA,NA
F,neutral,NA,NA,NA
F,neutral,NA,NA,NA
F,neutral,NA,NA,NA
F,neutral,NA,NA,NA
F,neutral,NA,NA,NA
F,neutral,NA,NA,NA
F,neutral,NA,NA,NA
F,neutral,NA,NA,NA
F,neutral,NA,NA,NA
F,neutral,NA,NA,NA
F,neutral,NA,NA,NA
F,neutral,NA,NA,NA
F,neutral,NA,NA,NA
F,neutral,NA,NA,NA
F,neutral,NA,NA,NA
F,neutral,NA,NA,NA
F,neutral,NA,NA,NA
F,neutral,NA,NA,NA
F,neutral,NA,NA,NA
F,positive,NA,NA,NA
F,positive,NA,NA,NA
F,positive,NA,NA,NA
F,self,NA,NA,NA
F,self,NA,NA,NA
F,self,NA,NA,NA
F,self,NA,NA,NA
F,self,NA,NA,NA
F,self,NA,NA,NA
F,self,NA,NA,NA
F,self,NA,NA,NA
F,self,NA,NA,NA
F,self,NA,NA,NA
F,self,NA,NA,NA
F,self,NA,NA,NA
F,self,NA,NA,NA
F,self,NA,NA,NA
F,self,NA,NA,NA
F,self,NA,NA,NA
F,self,NA,NA,NA
F,self,NA,NA,NA
F,self,NA,NA,NA
F,self,NA,NA,NA
F,self,NA,NA,NA
F,self,NA,NA,NA
F,self,NA,NA,NA
F,self,NA,NA,NA
F,self,NA,NA,NA
F,self,NA,NA,NA
F,self,NA,NA,NA
F,self,NA,NA,NA
F,self,NA,NA,NA
F,self,NA,NA,NA
F,self,NA,NA,NA
F,self,NA,NA,NA
F,self,NA,NA,NA
F,self,NA,NA,NA
F,self,NA,NA,NA
F,self,NA,NA,NA
F,self,NA,NA,NA
F,self,NA,NA,NA
F,self,NA,NA,NA
F,self,NA,NA,NA
F,self,NA,NA,NA
F,self,NA,NA,NA
F,self,NA,NA,NA
F,self,NA,NA,NA
F,self,NA,NA,NA
F,self,NA,NA,NA
F,self,NA,NA,NA
F,self,NA,NA,NA
F,self,NA,NA,NA
F,self,NA,NA,NA
F,self,NA,NA,NA
F,self,NA,NA,NA
F,self,NA,NA,NA
F,1,OF,MIDF,NA
F,1,OF,MIDF,NA
F,1,OF,MIDF,NA
F,1,OF,MIDF,NA
F,1,OF,MIDF,NA
F,1,OF,MIDF,NA
F,1,OF,MIDF,NA
F,1,OF,MIDF,NA
F,1,OF,MIDF,NA
F,1,OF,MIDF,NA
F,1,OF,MIDF,NA
F,1,OF,MIDF,NA
F,1,OF,MIDF,NA
F,1,OF,MIDF,NA
F,1,OF,MIDF,NA
F,1,OF,MIDF,NA
F,1,OF,MIDF,NA
F,1,OF,MIDF,NA
F,1,OF,MIDF,NA
F,1,OF,MIDF,NA
F,1,OF,MIDF,NA
F,1,OF,MIDF,NA
F,1,OF,MIDF,NA
F,1,OF,MIDF,NA
F,1,OF,MIDF,NA
F,1,OF,MIDF,NA
F,1,OF,MIDF,NA
F,1,OF,MIDF,NA
F,1,OF,MIDF,NA
F,1,OF,MIDF,NA
F,1,OF,MIDF,NA
F,1,OF,MIDF,NA
F,1,OF,MIDF,NA
F,1,OF,MIDF,NA
F,1,OF,MIDF,NA
F,1,OF,MIDF,NA
F,1,OF,MIDF,NA
F,1,OF,MIDF,NA
F,1,OF,MIDF,NA
F,1,OF,MIDF,NA
F,1,OF,MIDF,NA
F,1,OF,MIDF,NA
F,1,OF,MIDF,NA
F,1,OF,MIDF,NA
F,1,OF,MIDF,NA
F,1,OF,MIDF,NA
F,1,OF,MIDF,NA
F,1,OF,MIDF,NA
F,1,OF,MIDF,NA
F,1,OF,MIDF,NA
F,1,OF,MIDF,NA
F,1,OF,MIDF,NA
F,1,OF,MIDF,NA
F,1,OF,MIDF,NA
F,1,OF,MIDF,NA
F,1,OF,MIDF,NA
F,1,OF,MIDF,NA
F,1,OF,MIDF,NA
F,1,OF,MIDF,NA
F,1,OF,MIDF,NA
F,1,OF,MIDF,NA
F,1,OF,MIDF,NA
F,1,OF,MIDF,NA
F,1,OF,MIDF,NA
F,1,OF,MIDF,NA
F,1,OF,MIDF,NA
F,1,OF,MIDF,NA
F,1,OF,MIDF,NA
F,1,OF,MIDF,NA
F,1,OF,MIDF,NA
F,1,OF,MIDF,NA
F,1,OF,MIDF,NA
F,1,OF,MIDF,NA
F,1,OF,MIDF,NA
F,1,OF,MIDF,NA
F,1,OF,MIDF,NA
F,1,OF,MIDF,NA
F,1,OF,MIDF,NA
F,1,OF,MIDF,NA
F,1,OF,MIDF,NA
F,1,OF,MIDF,NA
F,1,OF,MIDF,NA
F,1,OF,MIDF,NA
F,1,OF,MIDF,NA
F,1,OF,MIDF,NA
F,1,OF,MIDF,NA
F,1,OF,MIDF,NA
F,1,OF,MIDF,NA
F,1,OF,MIDF,NA
F,1,OF,MIDF,NA
F,1,OF,MIDF,NA
F,1,OF,MIDF,NA
F,1,OF,MIDF,NA
F,1,OF,MIDF,NA
F,1,OF,MIDF,NA
F,1,OF,MIDF,NA
F,1,OF,MIDF,NA
F,1,OF,MIDF,NA
F,1,OF,MIDF,NA
F,1,OF,MIDF,NA
F,1,OF,MIDF,NA
F,1,OF,MIDF,NA
F,1,OF,MIDF,NA
F,1,OF,MIDF,NA
F,1,OF,MIDF,NA
F,1,OF,MIDF,NA
F,1,OF,MIDF,NA
F,1,OF,MIDF,NA
F,1,OF,MIDF,NA
F,1,OF,MIDF,NA
F,1,OF,MIDF,NA
F,1,OF,MIDF,NA
F,1,OF,MIDF,NA
F,1,OF,MIDF,NA
F,1,OF,MIDF,NA
F,1,OF,MIDF,NA
F,1,OF,MIDF,NA
F,1,OF,MIDF,NA
F,1,OF,MIDF,NA
F,1,OF,MIDF,NA
F,1,OF,MIDF,NA
F,1,OF,MIDF,NA
F,1,OF,MIDF,NA
F,1,OF,MIDF,NA
F,1,OF,MIDF,NA
F,1,OF,MIDF,NA
F,1,OF,MIDF,NA
F,1,OF,MIDF,NA
F,1,OF,MIDF,NA
F,1,OF,MIDF,NA
F,1,OF,MIDF,NA
F,1,OF,MIDF,NA
F,1,OF,MIDF,NA
F,1,OF,MIDF,NA
F,1,OF,MIDF,NA
F,1,OF,MIDF,NA
F,1,OF,MIDF,NA
F,1,OF,MIDF,NA
F,1,OF,MIDF,NA
F,1,OF,MIDF,NA
F,1,OF,MIDF,NA
F,1,OF,MIDF,NA
F,1,OF,MIDF,NA
F,1,OF,MIDF,NA
F,1,OF,MIDF,NA
F,1,OF,MIDF,NA
F,1,OF,MIDF,NA
F,1,OF,MIDF,NA
F,1,OF,MIDF,NA
F,1,OF,MIDF,NA
F,1,OF,MIDF,NA
F,1,OF,MIDF,NA
F,1,OF,MIDF,NA
F,1,OF,MIDF,NA
F,1,OF,MIDF,NA
F,1,OF,MIDF,NA
F,1,OF,MIDF,NA
F,1,OF,MIDF,NA
F,1,OF,MIDF,NA
F,1,OF,MIDF,NA
F,1,OF,MIDF,NA
F,1,OF,MIDF,NA
F,1,OF,MIDF,NA
F,1,OF,MIDF,NA
F,1,OF,MIDF,NA
F,1,OF,MIDF,NA
F,1,OF,MIDF,NA
F,1,OF,MIDF,NA
F,1,OF,MIDF,NA
F,1,OF,MIDF,NA
F,1,OF,MIDF,NA
F,1,OF,MIDF,NA
F,1,OF,MIDF,NA
F,1,OF,MIDF,NA
F,1,OF,MIDF,NA
F,1,OF,MIDF,NA
F,1,OF,MIDF,NA
F,1,OF,MIDF,NA
F,1,OF,MIDF,NA
F,1,OF,MIDF,NA
F,1,OF,MIDF,NA
F,1,OF,MIDF,NA
F,1,OF,MIDF,NA
F,1,OF,MIDF,NA
F,1,OF,MIDF,NA
F,1,OF,MIDF,NA
F,1,OF,MIDF,NA
F,1,OF,MIDF,NA
F,1,OF,MIDF,NA
F,1,OF,MIDF,NA
F,1,OF,MIDF,NA
F,1,OF,MIDF,NA
F,1,OF,MIDF,NA
F,1,OF,MIDF,NA
F,1,OF,MIDF,NA
F,1,OF,MIDF,NA
F,1,OF,MIDF,NA
F,1,OF,MIDF,NA
F,1,OF,MIDF,NA
F,1,OF,MIDF,NA
F,1,OF,MIDF,NA
F,1,OF,MIDF,NA
F,1,OF,MIDF,NA
F,1,OF,MIDF,NA
F,1,OF,MIDF,NA
F,1,OF,MIDF,NA
F,1,OF,MIDF,NA
F,1,OF,MIDF,NA
F,1,OF,MIDF,NA
F,1,OF,MIDF,NA
F,1,OF,MIDF,NA
F,1,OF,MIDF,NA
F,1,OF,MIDF,NA
F,1,OF,MIDF,NA
F,1,OF,MIDF,NA
F,1,OF,MIDF,NA
F,1,OF,MIDF,NA
F,1,OF,MIDF,NA
F,1,OF,MIDF,NA
F,1,OF,MIDF,NA
F,1,OF,MIDF,NA
F,1,OF,MIDF,NA
F,1,OF,MIDF,NA
F,1,OF,MIDF,NA
F,1,OF,MIDF,NA
F,1,OF,MIDF,NA
F,1,OF,MIDF,NA
F,1,OF,MIDF,NA
F,1,OF,MIDF,NA
F,1,OF,MIDF,NA
F,1,OF,MIDF,NA
F,1,OF,MIDF,NA
F,1,OF,MIDF,NA
F,1,OF,MIDF,NA
F,1,OF,MIDF,NA
F,1,OF,MIDF,NA
F,2,OF,MIDF,NA
F,2,OF,MIDF,NA
F,2,OF,MIDF,NA
F,2,OF,MIDF,NA
F,2,OF,MIDF,NA
F,2,OF,MIDF,NA
F,2,OF,MIDF,NA
F,2,OF,MIDF,NA
F,2,OF,MIDF,NA
F,2,OF,MIDF,NA
F,2,OF,MIDF,NA
F,2,OF,MIDF,NA
F,2,OF,MIDF,NA
F,2,OF,MIDF,NA
F,2,OF,MIDF,NA
F,2,OF,MIDF,NA
F,2,OF,MIDF,NA
F,2,OF,MIDF,NA
F,2,OF,MIDF,NA
F,2,OF,MIDF,NA
F,2,OF,MIDF,NA
F,2,OF,MIDF,NA
F,2,OF,MIDF,NA
F,2,OF,MIDF,NA
F,2,OF,MIDF,NA
F,2,OF,MIDF,NA
F,2,OF,MIDF,NA
F,2,OF,MIDF,NA
F,2,OF,MIDF,NA
F,2,OF,MIDF,NA
F,2,OF,MIDF,NA
F,2,OF,MIDF,NA
F,2,OF,MIDF,NA
F,2,OF,MIDF,NA
F,2,OF,MIDF,NA
F,2,OF,MIDF,NA
F,2,OF,MIDF,NA
F,2,OF,MIDF,NA
F,2,OF,MIDF,NA
F,2,OF,MIDF,NA
F,2,OF,MIDF,NA
F,2,OF,MIDF,NA
F,2,OF,MIDF,NA
F,2,OF,MIDF,NA
F,2,OF,MIDF,NA
F,3,OF,NA,NA
F,3,OF,NA,NA
F,3,OF,NA,NA
F,3,OF,NA,NA
F,3,OF,NA,NA
F,3,OF,NA,NA
F,3,OF,NA,NA
F,3,OF,NA,NA
M,1,OM,MIDM,1
M,1,OM,MIDM,1
M,1,OM,MIDM,1
M,1,OM,MIDM,1
M,1,OM,MIDM,1
M,1,OM,MIDM,1
M,1,OM,MIDM,1
M,1,OM,MIDM,1
M,1,OM,MIDM,1
M,1,OM,MIDM,1
M,1,OM,MIDM,1
M,1,OM,MIDM,1
M,1,OM,MIDM,1
M,1,OM,MIDM,1
M,1,OM,MIDM,1
M,1,OM,MIDM,1
M,1,OM,MIDM,1
M,1,OM,MIDM,1
M,1,OM,MIDM,1
M,1,OM,MIDM,1
M,1,OM,MIDM,1
M,1,OM,MIDM,1
M,1,OM,MIDM,1
M,1,OM,MIDM,1
M,1,OM,MIDM,1
M,1,OM,MIDM,1
M,1,OM,MIDM,1
M,1,OM,MIDM,1
M,1,OM,MIDM,1
M,1,OM,MIDM,1
M,1,OM,MIDM,1
M,1,OM,MIDM,1
M,1,OM,MIDM,1
M,1,OM,MIDM,1
M,1,OM,MIDM,1
M,1,OM,MIDM,1
M,1,OM,MIDM,1
M,1,OM,MIDM,1
M,1,OM,MIDM,1
M,1,OM,MIDM,1
M,1,OM,MIDM,1
M,1,OM,MIDM,1
M,1,OM,MIDM,1
M,1,OM,MIDM,1
M,1,OM,MIDM,1
M,1,OM,MIDM,1
M,1,OM,MIDM,1
M,1,OM,MIDM,1
M,1,OM,MIDM,1
M,1,OM,MIDM,1
M,1,OM,MIDM,1
M,1,OM,MIDM,1
M,1,OM,MIDM,1
M,1,OM,MIDM,1
M,1,OM,MIDM,1
M,1,OM,MIDM,1
M,1,OM,MIDM,1
M,1,OM,MIDM,1
M,1,OM,MIDM,1
M,1,OM,MIDM,1
M,1,OM,MIDM,1
M,1,OM,MIDM,1
M,1,OM,MIDM,1
M,1,OM,MIDM,1
M,1,OM,MIDM,1
M,1,OM,MIDM,1
M,1,OM,MIDM,1
M,1,OM,MIDM,1
M,1,OM,MIDM,1
M,1,OM,MIDM,1
M,1,OM,MIDM,1
M,1,OM,MIDM,1
M,1,OM,MIDM,1
M,1,OM,MIDM,1
M,1,OM,MIDM,1
M,1,OM,MIDM,1
M,1,OM,MIDM,1
M,1,OM,MIDM,1
M,1,OM,MIDM,1
M,1,OM,MIDM,1
M,1,OM,MIDM,1
M,1,OM,MIDM,1
M,1,OM,MIDM,1
M,1,OM,MIDM,1
M,1,OM,MIDM,1
M,1,OM,MIDM,1
M,1,OM,MIDM,1
M,1,OM,MIDM,1
M,1,OM,MIDM,1
M,1,OM,MIDM,1
M,1,OM,MIDM,1
M,1,OM,MIDM,1
M,1,OM,MIDM,1
M,1,OM,MIDM,1
M,1,OM,MIDM,1
M,1,OM,MIDM,1
M,1,OM,MIDM,1
M,1,OM,MIDM,1
M,1,OM,MIDM,1
M,1,OM,MIDM,1
M,1,OM,MIDM,1
M,1,OM,MIDM,1
M,1,OM,MIDM,1
M,1,OM,MIDM,1
M,1,OM,MIDM,1
M,1,OM,MIDM,1
M,1,OM,MIDM,1
M,1,OM,MIDM,1
M,1,OM,MIDM,1
M,1,OM,MIDM,1
M,1,OM,MIDM,1
M,1,OM,MIDM,1
M,1,OM,MIDM,1
M,1,OM,MIDM,1
M,1,OM,MIDM,1
M,1,OM,MIDM,1
M,1,OM,MIDM,1
M,1,OM,MIDM,1
M,1,OM,MIDM,1
M,1,OM,MIDM,1
M,1,OM,MIDM,1
M,1,OM,MIDM,1
M,1,OM,MIDM,1
M,1,OM,MIDM,1
M,1,OM,MIDM,1
M,1,OM,MIDM,1
M,1,OM,MIDM,1
M,1,OM,MIDM,1
M,1,OM,MIDM,1
M,1,OM,MIDM,1
M,1,OM,MIDM,1
M,1,OM,MIDM,1
M,1,OM,MIDM,1
M,1,OM,MIDM,1
M,1,OM,MIDM,1
M,1,OM,MIDM,1
M,1,OM,MIDM,1
M,1,OM,MIDM,1
M,1,OM,MIDM,1
M,1,OM,MIDM,1
M,1,OM,MIDM,1
M,1,OM,MIDM,1
M,1,OM,MIDM,1
M,1,OM,MIDM,1
M,1,OM,MIDM,1
M,1,OM,MIDM,1
M,1,OM,MIDM,1
M,1,OM,MIDM,1
M,1,OM,MIDM,1
M,1,OM,MIDM,1
M,1,OM,MIDM,1
M,1,OM,MIDM,1
M,1,OM,MIDM,1
M,1,OM,MIDM,1
M,1,OM,MIDM,1
M,1,OM,MIDM,1
M,1,OM,MIDM,1
M,1,OM,MIDM,1
M,1,OM,MIDM,1
M,1,OM,MIDM,1
M,1,OM,MIDM,1
M,1,OM,MIDM,1
M,1,OM,MIDM,1
M,1,OM,MIDM,1
M,1,OM,MIDM,1
M,1,OM,MIDM,1
M,1,OM,MIDM,1
M,1,OM,MIDM,1
M,1,OM,MIDM,1
M,1,OM,MIDM,1
M,1,OM,MIDM,1
M,1,OM,MIDM,1
M,1,OM,MIDM,1
M,1,OM,MIDM,1
M,1,OM,MIDM,1
M,1,OM,MIDM,1
M,1,OM,MIDM,1
M,1,OM,MIDM,1
M,1,OM,MIDM,1
M,1,OM,MIDM,1
M,1,OM,MIDM,1
M,1,OM,MIDM,1
M,1,OM,MIDM,1
M,1,OM,MIDM,1
M,1,OM,MIDM,1
M,1,OM,MIDM,1
M,1,OM,MIDM,1
M,1,OM,MIDM,1
M,1,OM,MIDM,1
M,1,OM,MIDM,1
M,1,OM,MIDM,1
M,1,OM,MIDM,1
M,1,OM,MIDM,1
M,1,OM,MIDM,1
M,1,OM,MIDM,1
M,1,OM,MIDM,1
M,1,OM,MIDM,1
M,1,OM,MIDM,1
M,1,OM,MIDM,1
M,1,OM,MIDM,1
M,1,OM,MIDM,1
M,1,OM,MIDM,1
M,1,OM,MIDM,1
M,1,OM,MIDM,1
M,1,OM,MIDM,1
M,1,OM,MIDM,1
M,1,OM,MIDM,1
M,1,OM,MIDM,1
M,1,OM,MIDM,1
M,1,OM,MIDM,1
M,1,OM,MIDM,1
M,1,OM,MIDM,1
M,1,OM,MIDM,1
M,1,OM,MIDM,1
M,1,OM,MIDM,1
M,1,OM,MIDM,1
M,1,OM,MIDM,1
M,1,OM,MIDM,1
M,1,OM,MIDM,1
M,1,OM,MIDM,1
M,1,OM,MIDM,1
M,1,OM,MIDM,1
M,1,OM,MIDM,1
M,1,OM,MIDM,1
M,1,OM,MIDM,1
M,1,OM,MIDM,1
M,1,OM,MIDM,1
M,1,OM,MIDM,1
M,1,OM,MIDM,1
M,1,OM,MIDM,1
M,1,OM,MIDM,1
M,1,OM,MIDM,1
M,1,OM,MIDM,1
M,1,OM,MIDM,1
M,1,OM,MIDM,1
M,1,OM,MIDM,1
M,1,OM,MIDM,1
M,1,OM,MIDM,1
M,1,OM,MIDM,1
M,1,OM,MIDM,1
M,1,OM,MIDM,1
M,1,OM,MIDM,1
M,1,OM,MIDM,1
M,1,OM,MIDM,1
M,1,OM,MIDM,1
M,1,OM,MIDM,1
M,1,OM,MIDM,1
M,1,OM,MIDM,1
M,1,OM,MIDM,1
M,1,OM,MIDM,1
M,1,OM,MIDM,1
M,1,OM,MIDM,1
M,1,OM,MIDM,1
M,1,OM,MIDM,1
M,1,OM,MIDM,1
M,1,OM,MIDM,1
M,1,OM,MIDM,1
M,1,OM,MIDM,1
M,1,OM,MIDM,1
M,1,OM,MIDM,1
M,1,OM,MIDM,1
M,1,OM,MIDM,1
M,1,OM,MIDM,1
M,1,OM,MIDM,1
M,1,OM,MIDM,1
M,1,OM,MIDM,1
M,1,OM,MIDM,1
M,1,OM,MIDM,1
M,1,OM,MIDM,1
M,1,OM,MIDM,1
M,1,OM,MIDM,1
M,1,OM,MIDM,1
M,1,OM,MIDM,1
M,1,OM,MIDM,1
M,1,OM,MIDM,1
M,1,OM,MIDM,1
M,1,OM,MIDM,1
M,1,OM,MIDM,1
M,1,OM,MIDM,1
M,1,OM,MIDM,1
M,1,OM,MIDM,1
M,1,OM,MIDM,1
M,1,OM,MIDM,1
M,1,OM,MIDM,1
M,1,OM,MIDM,1
M,1,OM,MIDM,1
M,1,OM,MIDM,1
M,1,OM,MIDM,1
M,1,OM,MIDM,1
M,1,OM,MIDM,1
M,1,OM,MIDM,1
M,1,OM,MIDM,1
M,1,OM,MIDM,1
M,1,OM,MIDM,1
M,1,OM,MIDM,1
M,1,OM,MIDM,1
M,1,OM,MIDM,1
M,1,OM,MIDM,1
M,1,OM,MIDM,1
M,1,OM,MIDM,1
M,1,OM,MIDM,1
M,1,OM,MIDM,1
M,1,OM,MIDM,1
M,1,OM,MIDM,1
M,1,OM,MIDM,1
M,1,OM,MIDM,1
M,1,OM,MIDM,1
M,1,OM,MIDM,1
M,1,OM,MIDM,1
M,1,OM,MIDM,1
M,1,OM,MIDM,1
M,1,OM,MIDM,1
M,1,OM,MIDM,1
M,1,OM,MIDM,1
M,1,OM,MIDM,1
M,1,OM,MIDM,1
M,1,OM,MIDM,1
M,1,OM,MIDM,1
M,1,OM,MIDM,1
M,1,OM,MIDM,1
M,1,OM,MIDM,1
M,1,OM,MIDM,1
M,1,OM,MIDM,1
M,1,OM,MIDM,1
M,1,OM,MIDM,1
M,1,OM,MIDM,1
M,1,OM,MIDM,1
M,1,OM,MIDM,1
M,1,OM,MIDM,1
M,1,OM,MIDM,1
M,1,OM,MIDM,1
M,1,OM,MIDM,1
M,1,OM,MIDM,1
M,1,OM,MIDM,1
M,1,OM,MIDM,1
M,1,OM,MIDM,1
M,1,OM,MIDM,1
M,1,OM,MIDM,1
M,1,OM,MIDM,1
M,1,OM,MIDM,1
M,1,OM,MIDM,1
M,1,OM,MIDM,1
M,1,OM,MIDM,1
M,1,OM,MIDM,1
M,1,OM,MIDM,1
M,1,OM,MIDM,1
M,1,OM,MIDM,1
M,1,OM,MIDM,1
M,1,OM,MIDM,1
M,1,OM,MIDM,1
M,1,OM,MIDM,1
M,1,OM,MIDM,1
M,1,OM,MIDM,1
M,1,OM,MIDM,1
M,1,OM,MIDM,1
M,1,OM,MIDM,1
M,1,OM,MIDM,1
M,1,OM,MIDM,1
M,1,OM,MIDM,1
M,1,OM,MIDM,1
M,1,OM,MIDM,1
M,1,OM,MIDM,1
M,1,OM,MIDM,1
M,1,OM,MIDM,1
M,1,OM,MIDM,1
M,1,OM,MIDM,1
M,1,OM,MIDM,1
M,1,OM,MIDM,1
M,1,OM,MIDM,1
M,1,OM,MIDM,1
M,1,OM,MIDM,1
M,1,OM,MIDM,1
M,1,OM,MIDM,1
M,1,OM,MIDM,1
M,1,OM,MIDM,1
M,1,OM,MIDM,1
M,1,OM,MIDM,1
M,1,OM,MIDM,1
M,1,OM,MIDM,1
M,1,OM,MIDM,1
M,1,OM,MIDM,1
M,1,OM,MIDM,1
M,1,OM,MIDM,1
M,1,OM,MIDM,1
M,1,OM,MIDM,1
M,1,OM,MIDM,1
M,1,OM,MIDM,1
M,1,OM,MIDM,1
M,1,OM,MIDM,1
M,1,OM,MIDM,1
M,1,OM,MIDM,1
M,1,OM,MIDM,1
M,1,OM,MIDM,1
M,1,OM,MIDM,1
M,1,OM,MIDM,1
M,1,OM,MIDM,1
M,1,OM,MIDM,1
M,1,OM,MIDM,1
M,1,OM,MIDM,1
M,1,OM,MIDM,1
M,1,OM,MIDM,1
M,1,OM,MIDM,1
M,1,OM,MIDM,1
M,1,OM,MIDM,1
M,1,OM,MIDM,1
M,1,OM,MIDM,1
M,1,OM,MIDM,1
M,1,OM,MIDM,1
M,1,OM,MIDM,1
M,1,OM,MIDM,1
M,1,OM,MIDM,1
M,1,OM,MIDM,1
M,1,OM,MIDM,1
M,1,OM,MIDM,1
M,1,OM,MIDM,1
M,1,OM,MIDM,1
M,1,OM,MIDM,1
M,1,OM,MIDM,1
M,1,OM,MIDM,1
M,1,OM,MIDM,1
M,1,OM,MIDM,1
M,1,OM,MIDM,1
M,1,OM,MIDM,1
M,1,OM,MIDM,1
M,1,OM,MIDM,1
M,1,OM,MIDM,1
M,1,OM,MIDM,1
M,1,OM,MIDM,1
M,1,OM,MIDM,1
M,1,OM,MIDM,1
M,1,OM,MIDM,1
M,1,OM,MIDM,1
M,1,OM,MIDM,1
M,1,OM,MIDM,1
M,1,OM,MIDM,1
M,1,OM,MIDM,1
M,1,OM,MIDM,1
M,1,OM,MIDM,1
M,1,OM,MIDM,1
M,1,OM,MIDM,1
M,1,OM,MIDM,1
M,1,OM,MIDM,1
M,1,OM,MIDM,1
M,1,OM,MIDM,1
M,1,OM,MIDM,1
M,1,OM,MIDM,1
M,1,OM,MIDM,1
M,1,OM,MIDM,1
M,1,OM,MIDM,1
M,1,OM,MIDM,1
M,1,OM,MIDM,1
M,1,OM,MIDM,1
M,1,OM,MIDM,1
M,1,OM,MIDM,1
M,1,OM,MIDM,1
M,1,OM,MIDM,1
M,1,OM,MIDM,1
M,1,OM,MIDM,1
M,1,OM,MIDM,1
M,1,OM,MIDM,1
M,1,OM,MIDM,1
M,1,OM,MIDM,1
M,1,OM,MIDM,1
M,1,OM,MIDM,1
M,1,OM,MIDM,1
M,1,OM,MIDM,1
M,1,OM,MIDM,1
M,1,OM,MIDM,1
M,1,OM,MIDM,1
M,1,OM,MIDM,1
M,1,OM,MIDM,1
M,1,OM,MIDM,1
M,1,OM,MIDM,1
M,1,OM,MIDM,1
M,1,OM,MIDM,1
M,1,OM,MIDM,1
M,1,OM,MIDM,1
M,1,OM,MIDM,1
M,1,OM,MIDM,1
M,1,OM,MIDM,1
M,1,OM,MIDM,1
M,1,OM,MIDM,1
M,1,OM,MIDM,1
M,1,OM,MIDM,1
M,1,OM,MIDM,1
M,1,OM,MIDM,1
M,1,OM,MIDM,1
M,1,OM,MIDM,1
M,1,OM,MIDM,1
M,1,OM,MIDM,1
M,1,OM,MIDM,1
M,1,OM,MIDM,1
M,1,OM,MIDM,1
M,1,OM,MIDM,1
M,1,OM,MIDM,1
M,1,OM,MIDM,1
M,1,OM,MIDM,1
M,1,OM,MIDM,1
M,1,OM,MIDM,1
M,1,OM,MIDM,1
M,1,OM,MIDM,1
M,1,OM,MIDM,1
M,1,OM,MIDM,1
M,1,OM,MIDM,1
M,1,OM,MIDM,1
M,1,OM,MIDM,1
M,1,OM,MIDM,1
M,1,OM,MIDM,1
M,1,OM,MIDM,1
M,1,OM,MIDM,1
M,1,OM,MIDM,1
M,1,OM,MIDM,1
M,1,OM,MIDM,1
M,1,OM,MIDM,1
M,1,OM,MIDM,1
M,1,OM,MIDM,1
M,1,OM,MIDM,1
M,1,OM,MIDM,1
M,1,OM,MIDM,1
M,1,OM,MIDM,1
M,1,OM,MIDM,1
M,1,OM,MIDM,1
M,1,OM,MIDM,1
M,1,OM,MIDM,1
M,1,OM,MIDM,1
M,1,OM,MIDM,1
M,1,OM,MIDM,1
M,1,OM,MIDM,1
M,1,OM,MIDM,1
M,1,OM,MIDM,1
M,1,OM,MIDM,1
M,1,OM,MIDM,1
M,1,OM,MIDM,1
M,1,OM,MIDM,1
M,1,OM,MIDM,1
M,1,OM,MIDM,1
M,1,OM,MIDM,1
M,1,OM,MIDM,1
M,1,OM,MIDM,1
M,1,OM,MIDM,1
M,1,OM,MIDM,1
M,1,OM,MIDM,1
M,1,OM,MIDM,1
M,1,OM,MIDM,1
M,1,OM,MIDM,1
M,1,OM,MIDM,1
M,1,OM,MIDM,1
M,1,OM,MIDM,1
M,1,OM,MIDM,1
M,1,OM,MIDM,1
M,1,OM,MIDM,1
M,1,OM,MIDM,1
M,1,OM,MIDM,1
M,1,OM,MIDM,1
M,1,OM,MIDM,1
M,1,OM,MIDM,1
M,1,OM,MIDM,1
M,1,OM,MIDM,1
M,1,OM,MIDM,1
M,1,OM,MIDM,1
M,1,OM,MIDM,1
M,1,OM,MIDM,1
M,1,OM,MIDM,1
M,1,OM,MIDM,1
M,1,OM,MIDM,1
M,1,OM,MIDM,1
M,1,OM,MIDM,1
M,1,OM,MIDM,1
M,1,OM,MIDM,1
M,1,OM,MIDM,1
M,1,OM,MIDM,1
M,1,OM,MIDM,1
M,1,OM,MIDM,1
M,1,OM,MIDM,1
M,1,OM,MIDM,1
M,1,OM,MIDM,1
M,1,OM,MIDM,1
M,1,OM,MIDM,1
M,1,OM,MIDM,1
M,1,OM,MIDM,1
M,1,OM,MIDM,1
M,1,OM,MIDM,1
M,1,OM,MIDM,1
M,1,OM,MIDM,1
M,1,OM,MIDM,1
M,1,OM,MIDM,1
M,1,OM,MIDM,1
M,1,OM,MIDM,1
M,1,OM,MIDM,1
M,1,OM,MIDM,1
M,1,OM,MIDM,1
M,1,OM,MIDM,1
M,1,OM,MIDM,1
M,1,OM,MIDM,1
M,1,OM,MIDM,1
M,1,OM,MIDM,1
M,1,OM,MIDM,1
M,1,OM,MIDM,1
M,1,OM,MIDM,1
M,1,OM,MIDM,1
M,1,OM,MIDM,1
M,1,OM,MIDM,1
M,1,OM,MIDM,1
M,1,OM,MIDM,1
M,1,OM,MIDM,1
M,1,OM,MIDM,1
M,1,OM,MIDM,1
M,1,OM,MIDM,1
M,1,OM,MIDM,1
M,1,OM,MIDM,1
M,1,OM,MIDM,1
M,1,OM,MIDM,1
M,1,OM,MIDM,1
M,1,OM,MIDM,1
M,1,OM,MIDM,1
M,1,OM,MIDM,1
M,1,OM,MIDM,1
M,1,OM,MIDM,1
M,1,OM,MIDM,1
M,1,OM,MIDM,1
M,1,OM,MIDM,1
M,1,OM,MIDM,1
M,1,OM,MIDM,1
M,1,OM,MIDM,1
M,2,OM,MIDM,2
M,2,OM,MIDM,2
M,2,OM,MIDM,2
M,2,OM,MIDM,2
M,2,OM,MIDM,2
M,2,OM,MIDM,2
M,2,OM,MIDM,2
M,2,OM,MIDM,2
M,2,OM,MIDM,2
M,2,OM,MIDM,2
M,2,OM,MIDM,2
M,2,OM,MIDM,2
M,2,OM,MIDM,2
M,2,OM,MIDM,2
M,2,OM,MIDM,2
M,2,OM,MIDM,2
M,2,OM,MIDM,2
M,2,OM,MIDM,2
M,2,OM,MIDM,2
M,2,OM,MIDM,2
M,2,OM,MIDM,2
M,2,OM,MIDM,2
M,2,OM,MIDM,2
M,2,OM,MIDM,2
M,2,OM,MIDM,2
M,2,OM,MIDM,2
M,2,OM,MIDM,2
M,2,OM,MIDM,2
M,2,OM,MIDM,2
M,2,OM,MIDM,2
M,2,OM,MIDM,2
M,2,OM,MIDM,2
M,2,OM,MIDM,2
M,2,OM,MIDM,2
M,2,OM,MIDM,2
M,2,OM,MIDM,2
M,2,OM,MIDM,2
M,2,OM,MIDM,2
M,2,OM,MIDM,2
M,2,OM,MIDM,2
M,2,OM,MIDM,2
M,2,OM,MIDM,2
M,2,OM,MIDM,2
M,2,OM,MIDM,2
M,2,OM,MIDM,2
M,2,OM,MIDM,2
M,2,OM,MIDM,2
M,2,OM,MIDM,2
M,2,OM,MIDM,2
M,2,OM,MIDM,2
M,2,OM,MIDM,2
M,2,OM,MIDM,2
M,2,OM,MIDM,2
M,2,OM,MIDM,2
M,2,OM,MIDM,2
M,2,OM,MIDM,2
M,2,OM,MIDM,2
M,2,OM,MIDM,2
M,2,OM,MIDM,2
M,2,OM,MIDM,2
M,2,OM,MIDM,2
M,2,OM,MIDM,2
M,2,OM,MIDM,2
M,2,OM,MIDM,2
M,2,OM,MIDM,2
M,2,OM,MIDM,2
M,2,OM,MIDM,2
M,2,OM,MIDM,2
M,2,OM,MIDM,2
M,2,OM,MIDM,2
M,2,OM,MIDM,2
M,2,OM,MIDM,2
M,2,OM,MIDM,2
M,2,OM,MIDM,2
M,2,OM,MIDM,2
M,2,OM,MIDM,2
M,2,OM,MIDM,2
M,2,OM,MIDM,2
M,2,OM,MIDM,2
M,2,OM,MIDM,2
M,2,OM,MIDM,2
M,2,OM,MIDM,2
M,2,OM,MIDM,2
M,2,OM,MIDM,2
M,2,OM,MIDM,2
M,2,OM,MIDM,2
M,2,OM,MIDM,2
M,2,OM,MIDM,2
M,2,OM,MIDM,2
M,2,OM,MIDM,2
M,2,OM,MIDM,2
M,2,OM,MIDM,2
M,2,OM,MIDM,2
M,2,OM,MIDM,2
M,2,OM,MIDM,2
M,2,OM,MIDM,2
M,2,OM,MIDM,2
M,2,OM,MIDM,2
M,2,OM,MIDM,2
M,2,OM,MIDM,2
M,2,OM,MIDM,2
M,2,OM,MIDM,2
M,2,OM,MIDM,2
M,2,OM,MIDM,2
M,2,OM,MIDM,2
M,2,OM,MIDM,2
M,2,OM,MIDM,2
M,2,OM,MIDM,2
M,2,OM,MIDM,2
M,2,OM,MIDM,2
M,2,OM,MIDM,2
M,2,OM,MIDM,2
M,2,OM,MIDM,2
M,2,OM,MIDM,2
M,2,OM,MIDM,2
M,2,OM,MIDM,2
M,2,OM,MIDM,2
M,2,OM,MIDM,2
M,2,OM,MIDM,2
M,2,OM,MIDM,2
M,2,OM,MIDM,2
M,2,OM,MIDM,2
M,2,OM,MIDM,2
M,2,OM,MIDM,2
M,2,OM,MIDM,2
M,2,OM,MIDM,2
M,2,OM,MIDM,2
M,2,OM,MIDM,2
M,2,OM,MIDM,2
M,2,OM,MIDM,2
M,2,OM,MIDM,2
M,2,OM,MIDM,2
M,2,OM,MIDM,2
M,2,OM,MIDM,2
M,2,OM,MIDM,2
M,2,OM,MIDM,2
M,2,OM,MIDM,2
M,3,OM,NA,3
M,3,OM,NA,3
M,3,OM,NA,3
M,3,OM,NA,3
M,3,OM,NA,3
M,3,OM,NA,3
M,3,OM,NA,3
M,3,OM,NA,3
M,3,OM,NA,3
M,3,OM,NA,3
M,3,OM,NA,3
M,3,OM,NA,3
M,3,OM,NA,3
M,3,OM,NA,3
M,3,OM,NA,3
M,3,OM,NA,3
M,3,OM,NA,3
M,3,OM,NA,3
M,3,OM,NA,3
M,3,OM,NA,3
M,3,OM,NA,3
M,3,OM,NA,3
M,3,OM,NA,3
M,3,OM,NA,3
M,3,OM,NA,3
M,3,OM,NA,3
M,3,OM,NA,3
M,3,OM,NA,3
M,3,OM,NA,3
M,3,OM,NA,3
M,3,OM,NA,3
M,3,OM,NA,3
M,3,OM,NA,3
M,3,OM,NA,3
M,3,OM,NA,3
M,3,OM,NA,3
M,3,OM,NA,3
M,3,OM,NA,3
M,3,OM,NA,3
M,3,OM,NA,3
M,3,OM,NA,3
M,3,OM,NA,3
M,3,OM,NA,3
M,3,OM,NA,3
M,3,OM,NA,3
M,3,OM,NA,3
M,3,OM,NA,3
M,3,OM,NA,3
M,3,OM,NA,3
M,3,OM,NA,3
M,3,OM,NA,3
M,3,OM,NA,3
M,3,OM,NA,3
M,3,OM,NA,3
M,3,OM,NA,3
M,3,OM,NA,3
M,3,OM,NA,3
M,3,OM,NA,3
M,3,OM,NA,3
M,3,OM,NA,3
M,3,OM,NA,3
M,3,OM,NA,3
M,3,OM,NA,3
M,3,OM,NA,3
M,3,OM,NA,3
M,3,OM,NA,3
M,3,OM,NA,3
M,3,OM,NA,3
M,3,OM,NA,3
M,3,OM,NA,3
M,3,OM,NA,3
M,3,OM,NA,3
M,3,OM,NA,3
M,3,OM,NA,3
M,3,OM,NA,3
M,3,OM,NA,3
M,3,OM,NA,3
M,3,OM,NA,3
M,3,OM,NA,3
M,3,OM,NA,3
M,3,OM,NA,3
M,3,OM,NA,3
M,3,OM,NA,3
M,3,OM,NA,3
M,3,OM,NA,3
M,3,OM,NA,3
M,3,OM,NA,3
M,3,OM,NA,3
M,3,OM,NA,3
M,3,OM,NA,3
M,3,OM,NA,3
M,3,OM,NA,3
M,3,OM,NA,3
M,3,OM,NA,3
M,3,OM,NA,3
M,neutral,NA,NA,NA
M,positive,NA,NA,NA
